{
  "will-russia-enter-novooleksandrivka-by-may-31-2026": 1777995217.9279258,
  "will-wti-crude-oil-wti-hit-low-100-in-may-133": 1777996157.8774776
}